email,phone
rbrunstan0@japanpost.jp,(941) 1802879
fcorden1@archive.org,(357) 6739571
gprivost2@yahoo.com,(777) 1753694
wmcbryde3@dion.ne.jp,(738) 2803155
agouldbourn4@flickr.com,(986) 4210109
awestoll5@berkeley.edu,(480) 5657761
smohring6@ibm.com,(401) 5681910
gberzin7@webs.com,(512) 9729220
kwisniewski8@prnewswire.com,(174) 9302294
gfinker9@fastcompany.com,(666) 9928111
nsymsa@purevolume.com,(905) 4199915
edrakefordb@theguardian.com,(112) 4791399
mtonkinc@dailymail.co.uk,(915) 7551991
rmashamd@stumbleupon.com,(202) 6418185
tenderlee@aboutads.info,(622) 9110929
npanterf@bravesites.com,(626) 8577216
fgargettg@purevolume.com,(870) 1994690
eshalcrosh@elpais.com,(871) 6819711
yenglishi@ted.com,(320) 1638735
cbellenyj@163.com,(299) 3618733
wtarplyk@imageshack.us,(684) 8873287
cbilliel@ted.com,(885) 5477421
mspainm@netscape.com,(254) 9109754
dwestcarrn@linkedin.com,(984) 2232025
mdessauro@phpbb.com,(829) 3491591
sbeswickp@unicef.org,(271) 9140239
bbarkq@oakley.com,(899) 9208563
lellisonr@nbcnews.com,(235) 6487593
abostons@vkontakte.ru,(782) 6782159
rreekent@geocities.jp,(396) 1161861
hwickettu@deliciousdays.com,(311) 2139142
tgerramv@is.gd,(635) 5339383
atimperleyw@wikimedia.org,(809) 4988170
tmoxleyx@accuweather.com,(969) 7840382
pseagoy@surveymonkey.com,(743) 8166527
nschulkinsz@cocolog-nifty.com,(267) 1889349
dbreadmore10@rakuten.co.jp,(845) 3303528
esponton11@printfriendly.com,(580) 1566005
cleech12@mac.com,(337) 1852185
gsurmeir13@unesco.org,(600) 3085858
evasyunkin14@sina.com.cn,(105) 8062981
pmerington15@last.fm,(213) 6681854
lgueinn16@cmu.edu,(380) 6479376
lwilson17@harvard.edu,(987) 4562949
rboeck18@livejournal.com,(638) 9591983
mmacgray19@yellowpages.com,(750) 3008940
vmacguigan1a@nba.com,(953) 9458552
ospenton1b@telegraph.co.uk,(676) 1390390
groyste1c@reuters.com,(795) 3629510
chexum1d@alexa.com,(211) 3614037
cdoerffer1e@blogger.com,(967) 7492433
cboswood1f@etsy.com,(193) 8865441
dbisterfeld1g@a8.net,(452) 1590430
cwhitnall1h@cpanel.net,(904) 2959991
mfosken1i@discuz.net,(234) 7220859
pserot1j@privacy.gov.au,(954) 8585607
khew1k@youtube.com,(450) 2612967
aextil1l@economist.com,(735) 1265357
bpostill1m@mail.ru,(211) 3810818
mdenington1n@cbslocal.com,(377) 9695218
damar1o@clickbank.net,(951) 5660165
amcnerlin1p@blogs.com,(946) 1921989
evasyukhichev1q@sfgate.com,(871) 7956373
stedstone1r@businesswire.com,(473) 3277141
erogeron1s@springer.com,(428) 6560304
kgoodings1t@free.fr,(694) 2050455
kbingham1u@stumbleupon.com,(288) 9559226
mtrenbey1v@4shared.com,(251) 5981457
sstollenberg1w@java.com,(469) 7322680
vpapes1x@dot.gov,(818) 7378000
lortelt1y@admin.ch,(540) 1104352
adavidsohn1z@soup.io,(538) 1909379
apavlov20@zdnet.com,(677) 3146155
awhieldon21@businesswire.com,(669) 6976233
mglayzer22@marriott.com,(933) 5367487
dmcavin23@pen.io,(901) 2492565
rsheilds24@elpais.com,(468) 3190075
maspland25@addtoany.com,(925) 3948167
emcilvenna26@skyrock.com,(480) 6528297
vmccrum27@symantec.com,(322) 1051414
nbrownhall28@storify.com,(441) 3324505
hbunting29@tripod.com,(867) 9440087
dharkin2a@yellowpages.com,(867) 3299326
kmcsperrin2b@liveinternet.ru,(455) 3219777
rchristene2c@telegraph.co.uk,(478) 6026875
gthwaite2d@jimdo.com,(273) 1976163
bstonnell2e@nsw.gov.au,(712) 6775938
ttarte2f@gravatar.com,(401) 1789458
byeardley2g@google.de,(301) 3834316
dcregg2h@ustream.tv,(421) 5995626
sshepley2i@usgs.gov,(149) 6968653
lgibbens2j@so-net.ne.jp,(889) 9990047
dhesbrook2k@patch.com,(497) 7217312
joneill2l@behance.net,(164) 2721977
lbeggio2m@yellowbook.com,(530) 2825389
mcoates2n@mit.edu,(748) 8239608
kchasney2o@earthlink.net,(714) 9454603
lpreddy2p@nationalgeographic.com,(837) 3989489
oradband2q@list-manage.com,(940) 4834547
isloat2r@irs.gov,(789) 8295589
vhook2s@ucoz.com,(183) 4620959
ndarington2t@blogs.com,(501) 1373727
krimbault2u@oakley.com,(657) 1496836
alambal2v@nhs.uk,(161) 9277470
mthinn2w@ebay.co.uk,(133) 3994962
sklausewitz2x@miibeian.gov.cn,(323) 3776834
tstopford2y@google.com.au,(581) 5782051
lhyndman2z@typepad.com,(349) 2148500
fmcshee30@wikia.com,(871) 1893182
mhuitson31@apache.org,(835) 4010897
tcuppleditch32@gov.uk,(526) 6783175
kmattiazzo33@jigsy.com,(733) 5348764
kgovett34@shinystat.com,(769) 6764965
nmuffin35@nytimes.com,(168) 7845560
acrossby36@house.gov,(383) 9294112
jfowley37@google.cn,(261) 9920854
scunliffe38@google.co.uk,(783) 6435478
gronchetti39@salon.com,(158) 4799439
gbillo3a@eventbrite.com,(461) 7899381
mmordacai3b@miitbeian.gov.cn,(151) 8418935
sferries3c@forbes.com,(894) 2736596
claurencot3d@ycombinator.com,(760) 5870175
ablunden3e@unesco.org,(458) 6837711
lsutherington3f@noaa.gov,(422) 6778700
rdreossi3g@163.com,(617) 1777921
